dimension,determinant,indicator,positively_related_total,negatively_related_total,unrelated_total,unknown_direction_total,unknown_total,significant_total,not_significant_total,evidence_val,sig_name,sig_value,level_agreement
Demographic Characteristics,Age,Age in years,2,1,0,0,1,2,0,3,positively_related_total,2,66.66666666666666
Demographic Characteristics,Age,Children,6,3,0,0,1,7,1,9,positively_related_total,6,66.66666666666666
Demographic Characteristics,Age,Dependents ( pop <5 or >64),4,0,0,1,0,3,2,5,positively_related_total,4,80
Demographic Characteristics,Age,Elderly,10,0,0,0,1,8,1,10,positively_related_total,10,100
Demographic Characteristics,Age,Median Age,6,1,0,2,2,5,2,9,positively_related_total,6,66.66666666666666
Demographic Characteristics,Citizenship,Having Citizenship,0,2,0,0,0,2,0,2,negatively_related_total,2,100
Demographic Characteristics,Citizenship,Undocumented Individuals,1,0,0,0,1,0,0,1,positively_related_total,1,100
Demographic Characteristics,Ethnicity and Race,Asian,0,1,0,0,0,1,0,1,negatively_related_total,1,100
Demographic Characteristics,Ethnicity and Race,Black/ African American,11,3,0,1,1,9,5,15,positively_related_total,11,73.33333333333333
Demographic Characteristics,Ethnicity and Race,Hispanic,19,4,0,0,4,15,4,23,positively_related_total,19,82.6086956521739
Demographic Characteristics,Ethnicity and Race,Indigenous/ Native American,8,0,0,0,0,6,2,8,positively_related_total,8,100
Demographic Characteristics,Ethnicity and Race,White,6,3,0,2,0,8,3,11,positively_related_total,6,54.54545454545454
Demographic Characteristics,Family Structure,% Children in married-couple families,0,2,0,0,0,0,2,2,negatively_related_total,2,100
Demographic Characteristics,Family Structure,Female-Headed Households,7,0,0,0,0,6,1,7,positively_related_total,7,100
Demographic Characteristics,Family Structure,Household Size,2,0,0,1,0,3,0,3,positively_related_total,2,66.66666666666666
Demographic Characteristics,Gender,% female labor force,4,0,0,0,0,3,1,4,positively_related_total,4,100
Demographic Characteristics,Gender,Female,5,1,0,0,1,3,2,6,positively_related_total,5,83.33333333333334
Demographic Characteristics,Language Proficiency,English Language Proficiency,8,2,0,0,2,7,1,10,positively_related_total,8,80
Demographic Characteristics,Migration,% Refugee population,1,0,0,0,1,0,0,1,positively_related_total,1,100
Demographic Characteristics,Migration,Displacement Risk,1,1,0,0,0,2,0,2,positively_related_total,1,50
Demographic Characteristics,Migration,Displacement Risk,1,1,0,0,0,2,0,2,negatively_related_total,1,50
Demographic Characteristics,Migration,Immigrants,3,0,0,0,0,3,0,3,positively_related_total,3,100
Demographic Characteristics,Migration,Native born (Hispanics),0,2,0,0,0,2,0,2,negatively_related_total,2,100
Demographic Characteristics,Political Inclination,Conservative,0,1,0,0,0,0,1,1,negatively_related_total,1,100
Demographic Characteristics,Political Inclination,Liberal,1,0,0,0,0,0,1,1,positively_related_total,1,100
Demographic Characteristics,Social Dependence,% households receiving Social Security Benefits or Public Assistance,5,0,0,0,0,4,1,5,positively_related_total,5,100
Demographic Characteristics,Special Needs/ Disabilities,Disabled Groups,2,0,0,0,0,1,1,2,positively_related_total,2,100
Demographic Characteristics,group facilities,nursing home residents per capita,1,0,0,0,0,0,1,1,positively_related_total,1,100
Exposure,# of Events,# of Events,3,0,0,0,3,0,0,3,positively_related_total,3,100
Exposure,Exposed areas / facilities,Return Periods,2,0,0,0,0,2,0,2,positively_related_total,2,100
Exposure,Exposed areas / facilities,physical Exposure,11,3,0,6,5,12,3,20,positively_related_total,11,55.00000000000001
Exposure,Exposed population,Exposed population,7,0,0,0,2,4,1,7,positively_related_total,7,100
Exposure,Hazard Extent,Intensity,6,2,0,0,5,3,0,8,positively_related_total,6,75
Exposure,Hazard Extent,contamination/pollution,5,0,0,0,0,5,0,5,positively_related_total,5,100
Exposure,Hazard type,hazard type,1,1,0,0,0,1,1,2,positively_related_total,1,50
Exposure,Hazard type,hazard type,1,1,0,0,0,1,1,2,negatively_related_total,1,50
Exposure,Losses Suffered,Hazard Related Deaths,2,0,0,0,1,1,0,2,positively_related_total,2,100
Exposure,Losses Suffered,Hazard related Losses,3,2,0,0,1,4,0,5,positively_related_total,3,60
Exposure,Losses Suffered,unmet needs,2,0,0,0,0,2,0,2,positively_related_total,2,100
Exposure,Mitigation,Insurance and financial resources,2,3,0,1,4,2,0,6,negatively_related_total,3,50
Exposure,Mitigation,Physical Mitigation measures,0,4,0,1,2,3,0,5,negatively_related_total,4,80
Exposure,Mitigation,social/institutional mitigation actions,2,2,0,0,0,3,1,4,positively_related_total,2,50
Exposure,Mitigation,social/institutional mitigation actions,2,2,0,0,0,3,1,4,negatively_related_total,2,50
Exposure,Other - physical considerations,Physical Conditions,23,11,0,6,28,11,1,40,positively_related_total,23,57.49999999999999
Exposure,Other - physical considerations,human systems,1,0,0,2,2,1,0,3,unknown_direction_total,2,66.66666666666666
Exposure,Preparedness,Preparedness actions,2,3,0,0,3,2,0,5,negatively_related_total,3,60
Exposure,amenities,amenities,0,1,0,0,0,0,1,1,negatively_related_total,1,100
Health,Access,Access to healthcare,4,1,0,0,1,3,1,5,positively_related_total,4,80
Health,Caloric intake/ food insecurity,food insecurity,0,1,0,0,1,0,0,1,negatively_related_total,1,100
Health,Disease Burden / Morbidity,Disease Burden,2,1,0,0,2,1,0,3,positively_related_total,2,66.66666666666666
Health,Life Expectancy,life expectancy,0,1,0,0,1,0,0,1,negatively_related_total,1,100
Health,Mortality,mortality,1,0,0,0,0,1,0,1,positively_related_total,1,100
Health,Potable Water Access,Access to Potable water,2,2,1,0,1,4,0,5,positively_related_total,2,40
Health,Potable Water Access,Access to Potable water,2,2,1,0,1,4,0,5,negatively_related_total,2,40
Health,Sanitation,sanitation,1,0,0,0,0,1,0,1,positively_related_total,1,100
Land Tenure,Owners,Home/Land Owners,5,1,0,3,5,4,0,9,positively_related_total,5,55.55555555555556
Land Tenure,Renters,Owned or rental property,0,0,0,1,1,0,0,1,unknown_direction_total,1,100
Land Tenure,Renters,Renters,7,5,0,0,3,6,3,12,positively_related_total,7,58.333333333333336
Land Tenure,Tenure Length,Tenure Length,2,1,0,0,1,0,2,3,positively_related_total,2,66.66666666666666
Living Conditions,Housing Quality,poor housing quality,2,0,0,0,1,1,0,2,positively_related_total,2,100
Living Conditions,Housing Type,% mobile homes,2,0,0,0,0,1,1,2,positively_related_total,2,100
Living Conditions,Land Use,Agriculture,5,2,0,1,5,3,0,8,positively_related_total,5,62.5
Living Conditions,Land Use,Land area,0,1,0,0,0,0,1,1,negatively_related_total,1,100
Living Conditions,Land Use,Urban cover/ Human impacted,2,0,0,0,1,1,0,2,positively_related_total,2,100
Living Conditions,Land Use,Wetlands,1,1,0,0,2,0,0,2,positively_related_total,1,50
Living Conditions,Land Use,Wetlands,1,1,0,0,2,0,0,2,negatively_related_total,1,50
Living Conditions,Lifelines & infrastructure,Dams,0,1,0,0,0,1,0,1,negatively_related_total,1,100
Living Conditions,Lifelines & infrastructure,General Infrastructure Quality,2,0,0,0,0,2,0,2,positively_related_total,2,100
Living Conditions,Lifelines & infrastructure,Road Infrastructure,0,1,0,2,2,0,1,3,unknown_direction_total,2,66.66666666666666
Living Conditions,Lifelines & infrastructure,inadequate Water infrastructure,2,0,0,0,0,2,0,2,positively_related_total,2,100
Living Conditions,Lifelines & infrastructure,infrastructure for Community institutions,1,0,0,1,0,1,1,2,positively_related_total,1,50
Living Conditions,Lifelines & infrastructure,infrastructure for Community institutions,1,0,0,1,0,1,1,2,unknown_direction_total,1,50
Living Conditions,Lifelines & infrastructure,polluting facilities,1,0,0,0,0,1,0,1,positively_related_total,1,100
Living Conditions,Lifelines & infrastructure,social infrastructure density,1,0,0,0,0,0,1,1,positively_related_total,1,100
Living Conditions,Lifelines & infrastructure,total housing units,1,0,0,0,1,0,0,1,positively_related_total,1,100
Living Conditions,Population,Population Growth,4,0,0,0,2,2,0,4,positively_related_total,4,100
Living Conditions,Population,Total Population,1,2,0,1,2,1,1,4,negatively_related_total,2,50
Living Conditions,Population,population density,8,0,0,3,2,6,3,11,positively_related_total,8,72.72727272727273
Living Conditions,Resource Dependence,Agriculture,2,0,0,0,1,1,0,2,positively_related_total,2,100
Living Conditions,Resource Dependence,Energy consumption per capita,0,1,0,0,1,0,0,1,negatively_related_total,1,100
Living Conditions,Resource Dependence,Groundwater,4,0,0,0,3,1,0,4,positively_related_total,4,100
Living Conditions,Resource Dependence,Wather: Other,3,0,0,1,2,2,0,4,positively_related_total,3,75
Living Conditions,Rurality,Rural Population,3,5,0,0,1,6,1,8,negatively_related_total,5,62.5
Living Conditions,Socially Isolated Populations,Socially Isolated,1,0,0,0,0,1,0,1,positively_related_total,1,100
Living Conditions,Urbanization,Urbanization,4,3,0,0,1,4,2,7,positively_related_total,4,57.14285714285714
Living Conditions,Vacant Housing Units,Vacant housing units,3,0,0,0,1,1,1,3,positively_related_total,3,100
Living Conditions,Vehicular access,Access to vehicles,6,0,0,1,0,5,2,7,positively_related_total,6,85.71428571428571
Risk Perception,Awareness,Access to information,2,0,0,0,0,2,0,2,positively_related_total,2,100
Risk Perception,Awareness,Awareness of the hazard,1,2,0,1,0,4,0,4,negatively_related_total,2,50
Risk Perception,Awareness,Knowledge of regulations,1,1,0,0,1,1,0,2,positively_related_total,1,50
Risk Perception,Awareness,Knowledge of regulations,1,1,0,0,1,1,0,2,negatively_related_total,1,50
Risk Perception,Prior Experience,Prior Experience,6,3,0,0,0,9,0,9,positively_related_total,6,66.66666666666666
Risk Perception,Risk Denial/ Acceptance,Risk Perception,3,3,0,0,1,3,2,6,positively_related_total,3,50
Risk Perception,Risk Denial/ Acceptance,Risk Perception,3,3,0,0,1,3,2,6,negatively_related_total,3,50
Risk Perception,Trust in Officials,trust in Officials,1,1,0,2,3,1,0,4,unknown_direction_total,2,50
Risk Perception,social capital,Individual capital,1,1,0,0,0,2,0,2,positively_related_total,1,50
Risk Perception,social capital,Individual capital,1,1,0,0,0,2,0,2,negatively_related_total,1,50
Risk Perception,social capital,neighborhood/community efforts,0,3,0,0,0,3,0,3,negatively_related_total,3,100
Socioeconomic Status,Access to Basic Needs,access to basic needs,1,0,0,0,0,1,0,1,positively_related_total,1,100
Socioeconomic Status,Education,Population with at last Bachelors Degree,2,2,0,0,0,1,3,4,positively_related_total,2,50
Socioeconomic Status,Education,Population with at last Bachelors Degree,2,2,0,0,0,1,3,4,negatively_related_total,2,50
Socioeconomic Status,Education,Population with less than high school education,8,2,0,0,2,4,4,10,positively_related_total,8,80
Socioeconomic Status,Education,education level,5,2,0,0,2,5,0,7,positively_related_total,5,71.42857142857143
Socioeconomic Status,Employment,Employment,1,1,0,0,1,1,0,2,positively_related_total,1,50
Socioeconomic Status,Employment,Employment,1,1,0,0,1,1,0,2,negatively_related_total,1,50
Socioeconomic Status,Employment,Unemployed,7,0,0,0,2,4,1,7,positively_related_total,7,100
Socioeconomic Status,House value,Housing value,1,4,0,0,2,3,0,5,negatively_related_total,4,80
Socioeconomic Status,Income,Agricultural Revenue,0,0,0,1,1,0,0,1,unknown_direction_total,1,100
Socioeconomic Status,Income,High Income,0,5,0,0,0,5,0,5,negatively_related_total,5,100
Socioeconomic Status,Income,Household Income,6,6,0,0,2,6,4,12,positively_related_total,6,50
Socioeconomic Status,Income,Household Income,6,6,0,0,2,6,4,12,negatively_related_total,6,50
Socioeconomic Status,Income,Low Income,6,2,0,0,3,5,0,8,positively_related_total,6,75
Socioeconomic Status,Income,Per capita Income,2,5,0,0,1,5,1,7,negatively_related_total,5,71.42857142857143
Socioeconomic Status,Literacy,Literacy,0,2,0,0,2,0,0,2,negatively_related_total,2,100
Socioeconomic Status,Median Rent,median house rent,1,4,0,0,0,3,2,5,negatively_related_total,4,80
Socioeconomic Status,Occupation,"Primary industries, outdoor working environments, service sector",7,0,0,1,4,3,1,8,positively_related_total,7,87.5
Socioeconomic Status,Occupation,ability to work from home,0,1,0,0,1,0,0,1,negatively_related_total,1,100
Socioeconomic Status,Wealth,Poverty,16,1,0,0,3,13,1,17,positively_related_total,16,94.11764705882352
Socioeconomic Status,Wealth,middle & working classes,1,0,0,0,1,0,0,1,positively_related_total,1,100
